user_input,retrieved_contexts,response,reference,faithfulness,answer_relevancy
"LOCATION: Willowdale East
    
    SAFETY CONCERNS:
    - Assault: High, Auto Theft: Moderate, Robbery: Low
    
    ADDITIONAL USER CONTEXT:
    Q: What is your relationship with this neighbourhood?"",
A: I have recently moved here for work."",
Q: Have you witnessed or been a victim of these crimes before?"",
A: No, I have not but I have heard about them from neighbours."",
Q: Are there specific times or places where you feel more at risk?"",
A: I feel more at risk during late hours and in the park nearby.","['![City of Toronto](https://www.toronto.ca/wp-content/themes/cot/img/logo-print.svg)\n\n# Your Personal Safety Checklist\n\nHere are some questions to help you explore your personal safety. Just to make it easy, you should be answering yes to all of the following questions. If you answer no, have a closer look at the item to see if that is really how you wish to handle the situation.\n\nAt Home', '![City of Toronto](https://www.toronto.ca/wp-content/themes/cot/img/logo-print.svg)\n\n# Your Personal Safety Checklist\n\nHere are some questions to help you explore your personal safety. Just to make it easy, you should be answering yes to all of the following questions. If you answer no, have a closer look at the item to see if that is really how you wish to handle the situation.\n\nAt Home', '- Create gathering areas at locations with natural surveillance and access control\n\n- Re-designate the use of space to provide natural barriers to conflicting activities\n\n- Improve scheduling of space to allow for effective use(parking for night shift workers closest to the building)\n\n- Overcome distance and isolation through improved communications\n\n- Place safe activities in vulnerable areas, e.g. community garden in vacant land\n\n- Place vulnerable activities in a safe place, e.g. kindergarten play area in school courtyard\n\n- Increase the perception of natural surveillance, especially around access control points\n\n\nTo report a crime anonymously, call Crime Stoppers at: 1-800-222-8477(TIPS) or online at: [www.222tips.com](http://222tips.com)\n\nIn An Emergency: Call 9-1-1.\n\nTo report a crime to the Toronto Police that is not an emergency call\xa0416-808-2222.\n\n## More Updates\n\n* * *', '## Home Safety Starts With You\n\n**Detection in Your Neighbourhood**\n\n* * *\n\n- Keep your ears and eyes open for suspicious vehicles and people around your home\n- Do not confront possible suspects\n- Record the license plate numbers and description of suspicious vehicles\n- Record detailed descriptions of occupants of suspicious vehicles\n- Report your concerns and observations immediately to the Police\n\n**Reducing Your Risk**\n\n* * *', '* * *\n\n- Give the babysitter a tour of your home and be sure to review your escape plan, pointing out marked exits, any potential hazards and areas that are off limits.\n\n- Make it clear to the babysitter that if there is smoke or fire, your only concern is that everyone is out of the house quickly and safely.\n\n- Emergency telephone numbers to the babysitter and provide them with an emergency contact sheet.\n\n- Ensure you have an emergency first aid kit and show the babysitter where it’s stored.\n\n\nTo report a crime anonymously, call Crime Stoppers at: 1-800-222-8477(TIPS) or online at: [www.222tips.com](http://222tips.com)\n\nIn An Emergency: Call 9-1-1.\n\nTo report a crime to the Toronto Police that is not an emergency call\xa0416-808-2222.\n\n## More Updates\n\n* * *\n\n[![](/media/filer_public_thumbnails/filer_public/f8/ce/f8ced020-9f7b-4059-8d7e-6220d7e9d97a/c248844b-cd1e-431c-8ff9-5bced8e3cb62.jpg__630x300_q85_crop_subsampling-2_upscale.jpg)](/crime-prevention/frauds-against-seniors/)']","
            CITY OF TORONTO SERVICE SAFETY PLAN
            Neighbourhood: Willowdale East
            Primary Concerns: Assault: High, Auto Theft: Moderate, Robbery: Low

            1. NEIGHBOURHOOD-SPECIFIC ASSESSMENT:

Willowdale East, Toronto, has been identified as an area with high levels of assault, moderate auto theft, and low robbery rates. While you have not personally experienced these crimes, your neighbours' accounts suggest that these are valid concerns. You've also expressed feeling more at risk during late hours and in the nearby park. 

2. TARGETED SAFETY RECOMMENDATIONS:

Assault:
- Prevention Strategies: Avoid walking alone late at night, especially in the park. If you must, stay in well-lit areas and keep a phone and whistle handy. 
- Warning Signs: Be aware of your surroundings. If you notice someone acting suspiciously or following you, head to a populated area.
- Immediate Actions: If you feel threatened, call 9-1-1 immediately. 
- Community Resources: Consider joining or starting a neighbourhood watch program. 

Auto Theft:
- Prevention Strategies: Park your car in a well-lit area, preferably close to your building during night hours. Always lock your car and do not leave valuables visible.
- Warning Signs: Look out for suspicious activities around parked cars.
- Immediate Actions: If you notice your car missing or broken into, call the non-emergency police line at 416-808-2222.
- Community Resources: Report local neighbourhood traffic issues or concerns through the Citizen's Online Reporting System provided by the Toronto Police Service.

Robbery:
- Prevention Strategies: Keep your home well-lit and secure. Do not display valuable items through windows.
- Warning Signs: Be aware of strangers loitering in your neighbourhood.
- Immediate Actions: If you encounter a robbery, do not resist. Your safety is more important than possessions. Call 9-1-1 as soon as it is safe to do so.
- Community Resources: Consider installing a home security system. 

3. PERSONAL SAFETY PROTOCOL:

- Daily Safety Habits: Stay vigilant, especially during late hours. Follow the safety guidelines provided by the City of Toronto.
- Essential Safety Tools: Keep a phone and whistle handy. Consider carrying a personal alarm.
- Emergency Contact Information: In case of an emergency, call 9-1-1. For non-emergency situations, report a crime to the Toronto Police at 416-808-2222. To report a crime anonymously, call Crime Stoppers at 1-800-222-8477(TIPS) or online at www.222tips.com.
- Community Support Services: Engage with your local community centre for support and resources.

4. PREVENTIVE MEASURES:

- Home/Property Security: Install good quality locks on doors and windows. Consider a home security system.
- Personal Safety Technology: Consider installing a personal safety app on your phone.
- Community Engagement: Advocate for community activities in the park during evening hours to increase natural surveillance.
- Reporting Procedures: Report any suspicious activities to the police. Use the Citizen's Online Reporting System for local neighbourhood traffic issues or concerns.

Remember, while these recommendations are based on the specific crime patterns in your area, more detailed data would be helpful in providing a more targeted safety plan. Stay vigilant, follow these guidelines, and do not hesitate to report any suspicious activities to the police.

            Sources Consulted:
            - Report on Local Neighbourhood Traffic Issue or Concern- Toronto Police Service  (https://www.tps.ca/services/online-reporting/local-neighbourhood-traffic-issue-concern/)
- Transit Safety -  Toronto Police Service  (https://www.tps.ca/crime-prevention/transit-safety/)
- Your Personal Safety Checklist – City of Toronto (https://www.toronto.ca/community-people/public-safety-alerts/safety-tips-prevention/posters-pamphlets-and-other-safety-resources/your-personal-safety-checklist/)
- Frauds Against Seniors -  Toronto Police Service  (https://www.tps.ca/crime-prevention/frauds-against-seniors/)
- Crime Prevention Through Environmental Design -  Toronto Police Service  (https://www.tps.ca/crime-prevention/crime-prevention-through-environmental-design/)
- Break & Enter Prevention -  Toronto Police Service  (https://www.tps.ca/crime-prevention/break-and-enter-prevention/)
- Bicycle Safety & Theft Prevention -  Toronto Police Service  (https://www.tps.ca/crime-prevention/bicycle-safety-and-theft-prevention/)
- Apartment, Condo Security -  Toronto Police Service  (https://www.tps.ca/crime-prevention/apartment-condo-security-1/)
            
            ----
            
            Note: This safety plan is generated based on Toronto Police Service resources and general 
            safety guidelines. For emergencies, always call 911. For non-emergency police matters, 
            call 416-808-2222.
            ","![City of Toronto](https://www.toronto.ca/wp-content/themes/cot/img/logo-print.svg)

# Your Personal Safety Checklist

Here are some questions to help you explore your personal safety. Just to make it easy, you should be answering yes to all of the following questions. If you answer no, have a closer look at the item to see if that is really how you wish to handle the situation.

At Home ![City of Toronto](https://www.toronto.ca/wp-content/themes/cot/img/logo-print.svg)

# Your Personal Safety Checklist

Here are some questions to help you explore your personal safety. Just to make it easy, you should be answering yes to all of the following questions. If you answer no, have a closer look at the item to see if that is really how you wish to handle the situation.

At Home - Create gathering areas at locations with natural surveillance and access control

- Re-designate the use of space to provide natural barriers to conflicting activities

- Improve scheduling of space to allow for effective use(parking for night shift workers closest to the building)

- Overcome distance and isolation through improved communications

- Place safe activities in vulnerable areas, e.g. community garden in vacant land

- Place vulnerable activities in a safe place, e.g. kindergarten play area in school courtyard

- Increase the perception of natural surveillance, especially around access control points


To report a crime anonymously, call Crime Stoppers at: 1-800-222-8477(TIPS) or online at: [www.222tips.com](http://222tips.com)

In An Emergency: Call 9-1-1.

To report a crime to the Toronto Police that is not an emergency call 416-808-2222.

## More Updates

* * * ## Home Safety Starts With You

**Detection in Your Neighbourhood**

* * *

- Keep your ears and eyes open for suspicious vehicles and people around your home
- Do not confront possible suspects
- Record the license plate numbers and description of suspicious vehicles
- Record detailed descriptions of occupants of suspicious vehicles
- Report your concerns and observations immediately to the Police

**Reducing Your Risk**

* * * * * *

- Give the babysitter a tour of your home and be sure to review your escape plan, pointing out marked exits, any potential hazards and areas that are off limits.

- Make it clear to the babysitter that if there is smoke or fire, your only concern is that everyone is out of the house quickly and safely.

- Emergency telephone numbers to the babysitter and provide them with an emergency contact sheet.

- Ensure you have an emergency first aid kit and show the babysitter where it’s stored.


To report a crime anonymously, call Crime Stoppers at: 1-800-222-8477(TIPS) or online at: [www.222tips.com](http://222tips.com)

In An Emergency: Call 9-1-1.

To report a crime to the Toronto Police that is not an emergency call 416-808-2222.

## More Updates

* * *

[![](/media/filer_public_thumbnails/filer_public/f8/ce/f8ced020-9f7b-4059-8d7e-6220d7e9d97a/c248844b-cd1e-431c-8ff9-5bced8e3cb62.jpg__630x300_q85_crop_subsampling-2_upscale.jpg)](/crime-prevention/frauds-against-seniors/)",0.8367346938775511,0.8813045785452257
